Episode_Number,person_scene,Line_Count,Total_Lines,Line_Percentage
1,Leonard,124.0,307.0,40.390879478827365
1,Sheldon,103.0,307.0,33.55048859934853
1,Penny,60.0,307.0,19.54397394136808
1,Raj,3.0,307.0,0.9771986970684038
1,Howard,17.0,307.0,5.537459283387622
1,Bernadette,0.0,0.0,0.0
1,Amy,0.0,0.0,0.0
1,Stuart,0.0,0.0,0.0
2,Leonard,83.0,215.0,38.604651162790695
2,Sheldon,70.0,215.0,32.55813953488372
2,Penny,41.0,215.0,19.069767441860467
2,Raj,5.0,215.0,2.3255813953488373
2,Howard,16.0,215.0,7.441860465116279
2,Bernadette,0.0,0.0,0.0
2,Amy,0.0,0.0,0.0
2,Stuart,0.0,0.0,0.0
3,Leonard,103.0,224.0,45.982142857142854
3,Sheldon,49.0,224.0,21.875
3,Penny,38.0,224.0,16.964285714285715
3,Raj,10.0,224.0,4.464285714285714
3,Howard,24.0,224.0,10.714285714285714
3,Bernadette,0.0,0.0,0.0
3,Amy,0.0,0.0,0.0
3,Stuart,0.0,0.0,0.0
4,Leonard,45.0,162.0,27.77777777777778
4,Sheldon,79.0,162.0,48.76543209876543
4,Penny,30.0,162.0,18.51851851851852
4,Raj,2.0,162.0,1.2345679012345678
4,Howard,6.0,162.0,3.7037037037037033
4,Bernadette,0.0,0.0,0.0
4,Amy,0.0,0.0,0.0
4,Stuart,0.0,0.0,0.0
5,Leonard,67.0,176.0,38.06818181818182
5,Sheldon,55.0,176.0,31.25
5,Penny,37.0,176.0,21.022727272727273
5,Raj,6.0,176.0,3.4090909090909087
5,Howard,11.0,176.0,6.25
5,Bernadette,0.0,0.0,0.0
5,Amy,0.0,0.0,0.0
5,Stuart,0.0,0.0,0.0
6,Leonard,76.0,216.0,35.18518518518518
6,Sheldon,68.0,216.0,31.48148148148148
6,Penny,42.0,216.0,19.444444444444446
6,Raj,9.0,216.0,4.166666666666666
6,Howard,21.0,216.0,9.722222222222223
6,Bernadette,0.0,0.0,0.0
6,Amy,0.0,0.0,0.0
6,Stuart,0.0,0.0,0.0
7,Leonard,68.0,241.0,28.21576763485477
7,Sheldon,77.0,241.0,31.950207468879665
7,Penny,55.0,241.0,22.821576763485478
7,Raj,16.0,241.0,6.639004149377594
7,Howard,25.0,241.0,10.37344398340249
7,Bernadette,0.0,0.0,0.0
7,Amy,0.0,0.0,0.0
7,Stuart,0.0,0.0,0.0
8,Leonard,39.0,201.0,19.402985074626866
8,Sheldon,51.0,201.0,25.37313432835821
8,Penny,27.0,201.0,13.432835820895523
8,Raj,63.0,201.0,31.343283582089555
8,Howard,21.0,201.0,10.44776119402985
8,Bernadette,0.0,0.0,0.0
8,Amy,0.0,0.0,0.0
8,Stuart,0.0,0.0,0.0
9,Leonard,72.0,208.0,34.61538461538461
9,Sheldon,59.0,208.0,28.365384615384613
9,Penny,55.0,208.0,26.442307692307693
9,Raj,5.0,208.0,2.403846153846154
9,Howard,17.0,208.0,8.173076923076923
9,Bernadette,0.0,0.0,0.0
9,Amy,0.0,0.0,0.0
9,Stuart,0.0,0.0,0.0
10,Leonard,76.0,201.0,37.81094527363184
10,Sheldon,78.0,201.0,38.80597014925373
10,Penny,34.0,201.0,16.91542288557214
10,Raj,4.0,201.0,1.9900497512437811
10,Howard,9.0,201.0,4.477611940298507
10,Bernadette,0.0,0.0,0.0
10,Amy,0.0,0.0,0.0
10,Stuart,0.0,0.0,0.0
11,Leonard,68.0,221.0,30.76923076923077
11,Sheldon,69.0,221.0,31.221719457013574
11,Penny,42.0,221.0,19.004524886877828
11,Raj,9.0,221.0,4.072398190045249
11,Howard,33.0,221.0,14.93212669683258
11,Bernadette,0.0,0.0,0.0
11,Amy,0.0,0.0,0.0
11,Stuart,0.0,0.0,0.0
12,Leonard,54.0,178.0,30.337078651685395
12,Sheldon,59.0,178.0,33.146067415730336
12,Penny,6.0,178.0,3.3707865168539324
12,Raj,23.0,178.0,12.921348314606742
12,Howard,36.0,178.0,20.224719101123593
12,Bernadette,0.0,0.0,0.0
12,Amy,0.0,0.0,0.0
12,Stuart,0.0,0.0,0.0
13,Leonard,69.0,208.0,33.17307692307692
13,Sheldon,63.0,208.0,30.288461538461537
13,Penny,26.0,208.0,12.5
13,Raj,17.0,208.0,8.173076923076923
13,Howard,33.0,208.0,15.865384615384615
13,Bernadette,0.0,0.0,0.0
13,Amy,0.0,0.0,0.0
13,Stuart,0.0,0.0,0.0
14,Leonard,73.0,217.0,33.6405529953917
14,Sheldon,57.0,217.0,26.26728110599078
14,Penny,25.0,217.0,11.52073732718894
14,Raj,39.0,217.0,17.972350230414747
14,Howard,23.0,217.0,10.599078341013826
14,Bernadette,0.0,0.0,0.0
14,Amy,0.0,0.0,0.0
14,Stuart,0.0,0.0,0.0
15,Leonard,53.0,180.0,29.444444444444446
15,Sheldon,58.0,180.0,32.22222222222222
15,Penny,14.0,180.0,7.777777777777778
15,Raj,19.0,180.0,10.555555555555555
15,Howard,36.0,180.0,20.0
15,Bernadette,0.0,0.0,0.0
15,Amy,0.0,0.0,0.0
15,Stuart,0.0,0.0,0.0
16,Leonard,36.0,210.0,17.142857142857142
16,Sheldon,50.0,210.0,23.809523809523807
16,Penny,66.0,210.0,31.428571428571427
16,Raj,4.0,210.0,1.9047619047619049
16,Howard,54.0,210.0,25.71428571428571
16,Bernadette,0.0,0.0,0.0
16,Amy,0.0,0.0,0.0
16,Stuart,0.0,0.0,0.0
17,Leonard,65.0,199.0,32.663316582914575
17,Sheldon,52.0,199.0,26.13065326633166
17,Penny,65.0,199.0,32.663316582914575
17,Raj,3.0,199.0,1.507537688442211
17,Howard,14.0,199.0,7.035175879396985
17,Bernadette,0.0,0.0,0.0
17,Amy,0.0,0.0,0.0
17,Stuart,0.0,0.0,0.0
18,Leonard,61.0,224.0,27.232142857142854
18,Sheldon,71.0,224.0,31.69642857142857
18,Penny,41.0,224.0,18.303571428571427
18,Raj,23.0,224.0,10.267857142857142
18,Howard,28.0,224.0,12.5
18,Bernadette,0.0,0.0,0.0
18,Amy,0.0,0.0,0.0
18,Stuart,0.0,0.0,0.0
19,Leonard,66.0,201.0,32.83582089552239
19,Sheldon,73.0,201.0,36.318407960199
19,Penny,34.0,201.0,16.91542288557214
19,Raj,13.0,201.0,6.467661691542288
19,Howard,15.0,201.0,7.462686567164178
19,Bernadette,0.0,0.0,0.0
19,Amy,0.0,0.0,0.0
19,Stuart,0.0,0.0,0.0
20,Leonard,33.0,190.0,17.36842105263158
20,Sheldon,83.0,190.0,43.684210526315795
20,Penny,60.0,190.0,31.57894736842105
20,Raj,5.0,190.0,2.631578947368421
20,Howard,9.0,190.0,4.736842105263158
20,Bernadette,0.0,0.0,0.0
20,Amy,0.0,0.0,0.0
20,Stuart,0.0,0.0,0.0
21,Leonard,56.0,223.0,25.112107623318387
21,Sheldon,53.0,223.0,23.766816143497756
21,Penny,27.0,223.0,12.10762331838565
21,Raj,50.0,223.0,22.421524663677133
21,Howard,37.0,223.0,16.591928251121075
21,Bernadette,0.0,0.0,0.0
21,Amy,0.0,0.0,0.0
21,Stuart,0.0,0.0,0.0
22,Leonard,45.0,193.0,23.316062176165804
22,Sheldon,89.0,193.0,46.1139896373057
22,Penny,34.0,193.0,17.616580310880828
22,Raj,7.0,193.0,3.6269430051813467
22,Howard,18.0,193.0,9.32642487046632
22,Bernadette,0.0,0.0,0.0
22,Amy,0.0,0.0,0.0
22,Stuart,0.0,0.0,0.0
23,Leonard,47.0,164.0,28.65853658536585
23,Sheldon,69.0,164.0,42.073170731707314
23,Penny,31.0,164.0,18.902439024390244
23,Raj,5.0,164.0,3.048780487804878
23,Howard,12.0,164.0,7.317073170731707
23,Bernadette,0.0,0.0,0.0
23,Amy,0.0,0.0,0.0
23,Stuart,0.0,0.0,0.0
24,Leonard,58.0,247.0,23.481781376518217
24,Sheldon,67.0,247.0,27.125506072874494
24,Penny,69.0,247.0,27.93522267206478
24,Raj,12.0,247.0,4.8582995951417
24,Howard,41.0,247.0,16.599190283400812
24,Bernadette,0.0,0.0,0.0
24,Amy,0.0,0.0,0.0
24,Stuart,0.0,0.0,0.0
25,Leonard,65.0,184.0,35.32608695652174
25,Sheldon,45.0,184.0,24.456521739130434
25,Penny,19.0,184.0,10.326086956521738
25,Raj,18.0,184.0,9.782608695652174
25,Howard,37.0,184.0,20.108695652173914
25,Bernadette,0.0,0.0,0.0
25,Amy,0.0,0.0,0.0
25,Stuart,0.0,0.0,0.0
26,Leonard,48.0,178.0,26.96629213483146
26,Sheldon,79.0,178.0,44.38202247191011
26,Penny,33.0,178.0,18.53932584269663
26,Raj,8.0,178.0,4.49438202247191
26,Howard,10.0,178.0,5.617977528089887
26,Bernadette,0.0,0.0,0.0
26,Amy,0.0,0.0,0.0
26,Stuart,0.0,0.0,0.0
27,Leonard,83.0,176.0,47.159090909090914
27,Sheldon,33.0,176.0,18.75
27,Penny,43.0,176.0,24.431818181818183
27,Raj,6.0,176.0,3.4090909090909087
27,Howard,11.0,176.0,6.25
27,Bernadette,0.0,0.0,0.0
27,Amy,0.0,0.0,0.0
27,Stuart,0.0,0.0,0.0
28,Leonard,59.0,185.0,31.891891891891895
28,Sheldon,40.0,185.0,21.62162162162162
28,Penny,49.0,185.0,26.486486486486488
28,Raj,11.0,185.0,5.9459459459459465
28,Howard,26.0,185.0,14.054054054054054
28,Bernadette,0.0,0.0,0.0
28,Amy,0.0,0.0,0.0
28,Stuart,0.0,0.0,0.0
29,Leonard,43.0,179.0,24.022346368715084
29,Sheldon,30.0,179.0,16.75977653631285
29,Penny,46.0,179.0,25.69832402234637
29,Raj,20.0,179.0,11.1731843575419
29,Howard,40.0,179.0,22.3463687150838
29,Bernadette,0.0,0.0,0.0
29,Amy,0.0,0.0,0.0
29,Stuart,0.0,0.0,0.0
30,Leonard,42.0,162.0,25.925925925925924
30,Sheldon,71.0,162.0,43.82716049382716
30,Penny,19.0,162.0,11.728395061728394
30,Raj,10.0,162.0,6.172839506172839
30,Howard,20.0,162.0,12.345679012345679
30,Bernadette,0.0,0.0,0.0
30,Amy,0.0,0.0,0.0
30,Stuart,0.0,0.0,0.0
31,Leonard,81.0,238.0,34.03361344537815
31,Sheldon,57.0,238.0,23.949579831932773
31,Penny,66.0,238.0,27.73109243697479
31,Raj,15.0,238.0,6.302521008403361
31,Howard,19.0,238.0,7.9831932773109235
31,Bernadette,0.0,0.0,0.0
31,Amy,0.0,0.0,0.0
31,Stuart,0.0,0.0,0.0
32,Leonard,61.0,157.0,38.853503184713375
32,Sheldon,29.0,157.0,18.471337579617835
32,Penny,45.0,157.0,28.662420382165603
32,Raj,6.0,157.0,3.821656050955414
32,Howard,16.0,157.0,10.191082802547772
32,Bernadette,0.0,0.0,0.0
32,Amy,0.0,0.0,0.0
32,Stuart,0.0,0.0,0.0
33,Leonard,61.0,205.0,29.756097560975608
33,Sheldon,47.0,205.0,22.926829268292686
33,Penny,34.0,205.0,16.585365853658537
33,Raj,8.0,205.0,3.902439024390244
33,Howard,55.0,205.0,26.82926829268293
33,Bernadette,0.0,0.0,0.0
33,Amy,0.0,0.0,0.0
33,Stuart,0.0,0.0,0.0
34,Leonard,52.0,190.0,27.368421052631582
34,Sheldon,59.0,190.0,31.05263157894737
34,Penny,24.0,190.0,12.631578947368421
34,Raj,21.0,190.0,11.052631578947368
34,Howard,34.0,190.0,17.894736842105264
34,Bernadette,0.0,0.0,0.0
34,Amy,0.0,0.0,0.0
34,Stuart,0.0,0.0,0.0
35,Leonard,39.0,215.0,18.13953488372093
35,Sheldon,71.0,215.0,33.02325581395349
35,Penny,75.0,215.0,34.883720930232556
35,Raj,7.0,215.0,3.255813953488372
35,Howard,23.0,215.0,10.69767441860465
35,Bernadette,0.0,0.0,0.0
35,Amy,0.0,0.0,0.0
35,Stuart,0.0,0.0,0.0
36,Leonard,37.0,174.0,21.26436781609195
36,Sheldon,54.0,174.0,31.03448275862069
36,Penny,65.0,174.0,37.35632183908046
36,Raj,3.0,174.0,1.7241379310344827
36,Howard,15.0,174.0,8.620689655172415
36,Bernadette,0.0,0.0,0.0
36,Amy,0.0,0.0,0.0
36,Stuart,0.0,0.0,0.0
37,Leonard,48.0,218.0,22.018348623853214
37,Sheldon,51.0,218.0,23.394495412844037
37,Penny,31.0,218.0,14.220183486238533
37,Raj,16.0,218.0,7.339449541284404
37,Howard,42.0,218.0,19.26605504587156
37,Bernadette,0.0,0.0,0.0
37,Amy,0.0,0.0,0.0
37,Stuart,30.0,218.0,13.761467889908257
38,Leonard,44.0,213.0,20.657276995305164
38,Sheldon,59.0,213.0,27.699530516431924
38,Penny,45.0,213.0,21.12676056338028
38,Raj,36.0,213.0,16.901408450704224
38,Howard,29.0,213.0,13.615023474178404
38,Bernadette,0.0,0.0,0.0
38,Amy,0.0,0.0,0.0
38,Stuart,0.0,0.0,0.0
39,Leonard,67.0,208.0,32.21153846153847
39,Sheldon,33.0,208.0,15.865384615384615
39,Penny,19.0,208.0,9.134615384615383
39,Raj,21.0,208.0,10.096153846153847
39,Howard,35.0,208.0,16.826923076923077
39,Bernadette,0.0,0.0,0.0
39,Amy,0.0,0.0,0.0
39,Stuart,33.0,208.0,15.865384615384615
40,Leonard,71.0,223.0,31.838565022421523
40,Sheldon,80.0,223.0,35.874439461883405
40,Penny,31.0,223.0,13.901345291479823
40,Raj,17.0,223.0,7.623318385650224
40,Howard,24.0,223.0,10.762331838565023
40,Bernadette,0.0,0.0,0.0
40,Amy,0.0,0.0,0.0
40,Stuart,0.0,0.0,0.0
41,Leonard,49.0,179.0,27.37430167597765
41,Sheldon,50.0,179.0,27.932960893854748
41,Penny,35.0,179.0,19.553072625698324
41,Raj,18.0,179.0,10.05586592178771
41,Howard,27.0,179.0,15.083798882681565
41,Bernadette,0.0,0.0,0.0
41,Amy,0.0,0.0,0.0
41,Stuart,0.0,0.0,0.0
42,Leonard,44.0,202.0,21.782178217821784
42,Sheldon,63.0,202.0,31.18811881188119
42,Penny,31.0,202.0,15.346534653465346
42,Raj,29.0,202.0,14.356435643564355
42,Howard,35.0,202.0,17.326732673267326
42,Bernadette,0.0,0.0,0.0
42,Amy,0.0,0.0,0.0
42,Stuart,0.0,0.0,0.0
43,Leonard,38.0,199.0,19.09547738693467
43,Sheldon,43.0,199.0,21.608040201005025
43,Penny,30.0,199.0,15.07537688442211
43,Raj,38.0,199.0,19.09547738693467
43,Howard,50.0,199.0,25.125628140703515
43,Bernadette,0.0,0.0,0.0
43,Amy,0.0,0.0,0.0
43,Stuart,0.0,0.0,0.0
44,Leonard,32.0,225.0,14.222222222222221
44,Sheldon,66.0,225.0,29.333333333333332
44,Penny,24.0,225.0,10.666666666666668
44,Raj,71.0,225.0,31.555555555555554
44,Howard,32.0,225.0,14.222222222222221
44,Bernadette,0.0,0.0,0.0
44,Amy,0.0,0.0,0.0
44,Stuart,0.0,0.0,0.0
45,Leonard,38.0,214.0,17.75700934579439
45,Sheldon,45.0,214.0,21.02803738317757
45,Penny,26.0,214.0,12.149532710280374
45,Raj,29.0,214.0,13.551401869158877
45,Howard,45.0,214.0,21.02803738317757
45,Bernadette,21.0,214.0,9.813084112149532
45,Amy,0.0,0.0,0.0
45,Stuart,10.0,214.0,4.672897196261682
46,Leonard,67.0,213.0,31.455399061032864
46,Sheldon,39.0,213.0,18.30985915492958
46,Penny,32.0,213.0,15.023474178403756
46,Raj,40.0,213.0,18.779342723004692
46,Howard,35.0,213.0,16.431924882629108
46,Bernadette,0.0,0.0,0.0
46,Amy,0.0,0.0,0.0
46,Stuart,0.0,0.0,0.0
47,Leonard,59.0,228.0,25.877192982456144
47,Sheldon,61.0,228.0,26.75438596491228
47,Penny,68.0,228.0,29.82456140350877
47,Raj,14.0,228.0,6.140350877192982
47,Howard,17.0,228.0,7.456140350877193
47,Bernadette,0.0,0.0,0.0
47,Amy,0.0,0.0,0.0
47,Stuart,9.0,228.0,3.9473684210526314
48,Leonard,25.0,204.0,12.254901960784313
48,Sheldon,62.0,204.0,30.392156862745097
48,Penny,58.0,204.0,28.431372549019606
48,Raj,28.0,204.0,13.725490196078432
48,Howard,31.0,204.0,15.196078431372548
48,Bernadette,0.0,0.0,0.0
48,Amy,0.0,0.0,0.0
48,Stuart,0.0,0.0,0.0
49,Leonard,32.0,171.0,18.71345029239766
49,Sheldon,35.0,171.0,20.46783625730994
49,Penny,22.0,171.0,12.865497076023392
49,Raj,17.0,171.0,9.941520467836257
49,Howard,44.0,171.0,25.730994152046783
49,Bernadette,21.0,171.0,12.280701754385964
49,Amy,0.0,0.0,0.0
49,Stuart,0.0,0.0,0.0
50,Leonard,35.0,236.0,14.83050847457627
50,Sheldon,59.0,236.0,25.0
50,Penny,54.0,236.0,22.88135593220339
50,Raj,3.0,236.0,1.2711864406779663
50,Howard,48.0,236.0,20.33898305084746
50,Bernadette,37.0,236.0,15.677966101694915
50,Amy,0.0,0.0,0.0
50,Stuart,0.0,0.0,0.0
51,Leonard,55.0,156.0,35.256410256410255
51,Sheldon,42.0,156.0,26.923076923076923
51,Penny,51.0,156.0,32.69230769230769
51,Raj,0.0,0.0,0.0
51,Howard,8.0,156.0,5.128205128205128
51,Bernadette,0.0,0.0,0.0
51,Amy,0.0,0.0,0.0
51,Stuart,0.0,0.0,0.0
52,Leonard,39.0,181.0,21.54696132596685
52,Sheldon,50.0,181.0,27.624309392265197
52,Penny,22.0,181.0,12.154696132596685
52,Raj,40.0,181.0,22.099447513812155
52,Howard,23.0,181.0,12.70718232044199
52,Bernadette,7.0,181.0,3.867403314917127
52,Amy,0.0,0.0,0.0
52,Stuart,0.0,0.0,0.0
53,Leonard,42.0,148.0,28.37837837837838
53,Sheldon,66.0,148.0,44.5945945945946
53,Penny,22.0,148.0,14.864864864864865
53,Raj,7.0,148.0,4.72972972972973
53,Howard,11.0,148.0,7.4324324324324325
53,Bernadette,0.0,0.0,0.0
53,Amy,0.0,0.0,0.0
53,Stuart,0.0,0.0,0.0
54,Leonard,55.0,187.0,29.411764705882355
54,Sheldon,64.0,187.0,34.22459893048128
54,Penny,32.0,187.0,17.11229946524064
54,Raj,10.0,187.0,5.347593582887701
54,Howard,15.0,187.0,8.02139037433155
54,Bernadette,11.0,187.0,5.88235294117647
54,Amy,0.0,0.0,0.0
54,Stuart,0.0,0.0,0.0
55,Leonard,66.0,194.0,34.02061855670103
55,Sheldon,58.0,194.0,29.896907216494846
55,Penny,39.0,194.0,20.103092783505154
55,Raj,18.0,194.0,9.278350515463918
55,Howard,13.0,194.0,6.701030927835052
55,Bernadette,0.0,0.0,0.0
55,Amy,0.0,0.0,0.0
55,Stuart,0.0,0.0,0.0
56,Leonard,27.0,196.0,13.77551020408163
56,Sheldon,64.0,196.0,32.6530612244898
56,Penny,55.0,196.0,28.061224489795915
56,Raj,11.0,196.0,5.612244897959184
56,Howard,22.0,196.0,11.224489795918368
56,Bernadette,0.0,0.0,0.0
56,Amy,0.0,0.0,0.0
56,Stuart,17.0,196.0,8.673469387755102
57,Leonard,51.0,190.0,26.842105263157894
57,Sheldon,37.0,190.0,19.473684210526315
57,Penny,17.0,190.0,8.947368421052632
57,Raj,44.0,190.0,23.157894736842106
57,Howard,41.0,190.0,21.578947368421055
57,Bernadette,0.0,0.0,0.0
57,Amy,0.0,0.0,0.0
57,Stuart,0.0,0.0,0.0
58,Leonard,31.0,159.0,19.49685534591195
58,Sheldon,71.0,159.0,44.65408805031446
58,Penny,25.0,159.0,15.723270440251572
58,Raj,21.0,159.0,13.20754716981132
58,Howard,11.0,159.0,6.918238993710692
58,Bernadette,0.0,0.0,0.0
58,Amy,0.0,0.0,0.0
58,Stuart,0.0,0.0,0.0
59,Leonard,47.0,214.0,21.962616822429908
59,Sheldon,62.0,214.0,28.971962616822427
59,Penny,62.0,214.0,28.971962616822427
59,Raj,14.0,214.0,6.5420560747663545
59,Howard,20.0,214.0,9.345794392523365
59,Bernadette,0.0,0.0,0.0
59,Amy,0.0,0.0,0.0
59,Stuart,9.0,214.0,4.205607476635514
60,Leonard,66.0,243.0,27.160493827160494
60,Sheldon,78.0,243.0,32.098765432098766
60,Penny,56.0,243.0,23.045267489711936
60,Raj,22.0,243.0,9.053497942386832
60,Howard,21.0,243.0,8.641975308641975
60,Bernadette,0.0,0.0,0.0
60,Amy,0.0,0.0,0.0
60,Stuart,0.0,0.0,0.0
61,Leonard,64.0,213.0,30.046948356807512
61,Sheldon,63.0,213.0,29.577464788732392
61,Penny,28.0,213.0,13.145539906103288
61,Raj,30.0,213.0,14.084507042253522
61,Howard,28.0,213.0,13.145539906103288
61,Bernadette,0.0,0.0,0.0
61,Amy,0.0,0.0,0.0
61,Stuart,0.0,0.0,0.0
62,Leonard,95.0,229.0,41.48471615720524
62,Sheldon,77.0,229.0,33.624454148471614
62,Penny,26.0,229.0,11.353711790393014
62,Raj,12.0,229.0,5.240174672489083
62,Howard,19.0,229.0,8.296943231441048
62,Bernadette,0.0,0.0,0.0
62,Amy,0.0,0.0,0.0
62,Stuart,0.0,0.0,0.0
63,Leonard,63.0,218.0,28.899082568807337
63,Sheldon,52.0,218.0,23.853211009174313
63,Penny,34.0,218.0,15.59633027522936
63,Raj,28.0,218.0,12.844036697247708
63,Howard,36.0,218.0,16.51376146788991
63,Bernadette,0.0,0.0,0.0
63,Amy,5.0,218.0,2.293577981651376
63,Stuart,0.0,0.0,0.0
64,Leonard,21.0,229.0,9.170305676855897
64,Sheldon,68.0,229.0,29.694323144104807
64,Penny,73.0,229.0,31.877729257641924
64,Raj,14.0,229.0,6.11353711790393
64,Howard,39.0,229.0,17.03056768558952
64,Bernadette,0.0,0.0,0.0
64,Amy,14.0,229.0,6.11353711790393
64,Stuart,0.0,0.0,0.0
65,Leonard,69.0,188.0,36.702127659574465
65,Sheldon,56.0,188.0,29.78723404255319
65,Penny,48.0,188.0,25.53191489361702
65,Raj,4.0,188.0,2.127659574468085
65,Howard,11.0,188.0,5.851063829787234
65,Bernadette,0.0,0.0,0.0
65,Amy,0.0,0.0,0.0
65,Stuart,0.0,0.0,0.0
66,Leonard,61.0,250.0,24.4
66,Sheldon,79.0,250.0,31.6
66,Penny,21.0,250.0,8.4
66,Raj,22.0,250.0,8.799999999999999
66,Howard,29.0,250.0,11.600000000000001
66,Bernadette,0.0,0.0,0.0
66,Amy,38.0,250.0,15.2
66,Stuart,0.0,0.0,0.0
67,Leonard,28.0,227.0,12.334801762114537
67,Sheldon,40.0,227.0,17.62114537444934
67,Penny,33.0,227.0,14.537444933920703
67,Raj,32.0,227.0,14.096916299559473
67,Howard,67.0,227.0,29.515418502202646
67,Bernadette,27.0,227.0,11.894273127753303
67,Amy,0.0,0.0,0.0
67,Stuart,0.0,0.0,0.0
68,Leonard,79.0,197.0,40.10152284263959
68,Sheldon,69.0,197.0,35.025380710659896
68,Penny,0.0,0.0,0.0
68,Raj,7.0,197.0,3.5532994923857872
68,Howard,13.0,197.0,6.598984771573605
68,Bernadette,5.0,197.0,2.5380710659898478
68,Amy,20.0,197.0,10.152284263959391
68,Stuart,4.0,197.0,2.030456852791878
69,Leonard,94.0,230.0,40.869565217391305
69,Sheldon,91.0,230.0,39.565217391304344
69,Penny,0.0,0.0,0.0
69,Raj,28.0,230.0,12.173913043478262
69,Howard,17.0,230.0,7.391304347826087
69,Bernadette,0.0,0.0,0.0
69,Amy,0.0,0.0,0.0
69,Stuart,0.0,0.0,0.0
70,Leonard,33.0,174.0,18.96551724137931
70,Sheldon,81.0,174.0,46.55172413793103
70,Penny,19.0,174.0,10.919540229885058
70,Raj,23.0,174.0,13.218390804597702
70,Howard,18.0,174.0,10.344827586206897
70,Bernadette,0.0,0.0,0.0
70,Amy,0.0,0.0,0.0
70,Stuart,0.0,0.0,0.0
71,Leonard,32.0,194.0,16.49484536082474
71,Sheldon,42.0,194.0,21.649484536082475
71,Penny,32.0,194.0,16.49484536082474
71,Raj,9.0,194.0,4.639175257731959
71,Howard,19.0,194.0,9.793814432989691
71,Bernadette,23.0,194.0,11.855670103092782
71,Amy,37.0,194.0,19.072164948453608
71,Stuart,0.0,0.0,0.0
72,Leonard,62.0,208.0,29.807692307692307
72,Sheldon,20.0,208.0,9.615384615384617
72,Penny,39.0,208.0,18.75
72,Raj,36.0,208.0,17.307692307692307
72,Howard,34.0,208.0,16.346153846153847
72,Bernadette,17.0,208.0,8.173076923076923
72,Amy,0.0,0.0,0.0
72,Stuart,0.0,0.0,0.0
73,Leonard,11.0,205.0,5.365853658536586
73,Sheldon,54.0,205.0,26.34146341463415
73,Penny,22.0,205.0,10.731707317073171
73,Raj,33.0,205.0,16.097560975609756
73,Howard,35.0,205.0,17.073170731707318
73,Bernadette,7.0,205.0,3.414634146341464
73,Amy,43.0,205.0,20.975609756097562
73,Stuart,0.0,0.0,0.0
74,Leonard,48.0,175.0,27.42857142857143
74,Sheldon,47.0,175.0,26.857142857142858
74,Penny,36.0,175.0,20.57142857142857
74,Raj,16.0,175.0,9.142857142857142
74,Howard,20.0,175.0,11.428571428571429
74,Bernadette,0.0,0.0,0.0
74,Amy,0.0,0.0,0.0
74,Stuart,8.0,175.0,4.571428571428571
75,Leonard,56.0,231.0,24.242424242424242
75,Sheldon,90.0,231.0,38.961038961038966
75,Penny,42.0,231.0,18.181818181818183
75,Raj,20.0,231.0,8.658008658008658
75,Howard,23.0,231.0,9.956709956709958
75,Bernadette,0.0,0.0,0.0
75,Amy,0.0,0.0,0.0
75,Stuart,0.0,0.0,0.0
76,Leonard,35.0,219.0,15.981735159817351
76,Sheldon,32.0,219.0,14.61187214611872
76,Penny,57.0,219.0,26.027397260273972
76,Raj,8.0,219.0,3.65296803652968
76,Howard,27.0,219.0,12.32876712328767
76,Bernadette,32.0,219.0,14.61187214611872
76,Amy,28.0,219.0,12.785388127853881
76,Stuart,0.0,0.0,0.0
77,Leonard,17.0,200.0,8.5
77,Sheldon,66.0,200.0,33.0
77,Penny,57.0,200.0,28.499999999999996
77,Raj,22.0,200.0,11.0
77,Howard,19.0,200.0,9.5
77,Bernadette,12.0,200.0,6.0
77,Amy,7.0,200.0,3.5000000000000004
77,Stuart,0.0,0.0,0.0
78,Leonard,62.0,167.0,37.12574850299401
78,Sheldon,49.0,167.0,29.34131736526946
78,Penny,16.0,167.0,9.580838323353294
78,Raj,15.0,167.0,8.982035928143713
78,Howard,18.0,167.0,10.778443113772456
78,Bernadette,0.0,0.0,0.0
78,Amy,7.0,167.0,4.191616766467066
78,Stuart,0.0,0.0,0.0
79,Leonard,24.0,200.0,12.0
79,Sheldon,24.0,200.0,12.0
79,Penny,28.0,200.0,14.000000000000002
79,Raj,17.0,200.0,8.5
79,Howard,56.0,200.0,28.000000000000004
79,Bernadette,34.0,200.0,17.0
79,Amy,17.0,200.0,8.5
79,Stuart,0.0,0.0,0.0
80,Leonard,41.0,195.0,21.025641025641026
80,Sheldon,68.0,195.0,34.87179487179487
80,Penny,31.0,195.0,15.897435897435896
80,Raj,8.0,195.0,4.102564102564102
80,Howard,6.0,195.0,3.076923076923077
80,Bernadette,12.0,195.0,6.153846153846154
80,Amy,24.0,195.0,12.307692307692308
80,Stuart,5.0,195.0,2.564102564102564
81,Leonard,73.0,200.0,36.5
81,Sheldon,37.0,200.0,18.5
81,Penny,42.0,200.0,21.0
81,Raj,14.0,200.0,7.000000000000001
81,Howard,34.0,200.0,17.0
81,Bernadette,0.0,0.0,0.0
81,Amy,0.0,0.0,0.0
81,Stuart,0.0,0.0,0.0
82,Leonard,48.0,211.0,22.748815165876778
82,Sheldon,61.0,211.0,28.90995260663507
82,Penny,32.0,211.0,15.165876777251185
82,Raj,27.0,211.0,12.796208530805686
82,Howard,28.0,211.0,13.270142180094787
82,Bernadette,6.0,211.0,2.843601895734597
82,Amy,9.0,211.0,4.265402843601896
82,Stuart,0.0,0.0,0.0
83,Leonard,54.0,203.0,26.60098522167488
83,Sheldon,51.0,203.0,25.12315270935961
83,Penny,19.0,203.0,9.35960591133005
83,Raj,30.0,203.0,14.77832512315271
83,Howard,11.0,203.0,5.41871921182266
83,Bernadette,10.0,203.0,4.926108374384237
83,Amy,28.0,203.0,13.793103448275861
83,Stuart,0.0,0.0,0.0
84,Leonard,29.0,169.0,17.159763313609467
84,Sheldon,80.0,169.0,47.337278106508876
84,Penny,16.0,169.0,9.467455621301776
84,Raj,1.0,169.0,0.591715976331361
84,Howard,1.0,169.0,0.591715976331361
84,Bernadette,10.0,169.0,5.9171597633136095
84,Amy,32.0,169.0,18.93491124260355
84,Stuart,0.0,0.0,0.0
85,Leonard,31.0,206.0,15.048543689320388
85,Sheldon,37.0,206.0,17.96116504854369
85,Penny,21.0,206.0,10.194174757281553
85,Raj,30.0,206.0,14.563106796116504
85,Howard,12.0,206.0,5.825242718446602
85,Bernadette,36.0,206.0,17.475728155339805
85,Amy,39.0,206.0,18.932038834951456
85,Stuart,0.0,0.0,0.0
86,Leonard,35.0,204.0,17.15686274509804
86,Sheldon,39.0,204.0,19.11764705882353
86,Penny,33.0,204.0,16.176470588235293
86,Raj,25.0,204.0,12.254901960784313
86,Howard,49.0,204.0,24.019607843137255
86,Bernadette,23.0,204.0,11.27450980392157
86,Amy,0.0,0.0,0.0
86,Stuart,0.0,0.0,0.0
87,Leonard,41.0,189.0,21.693121693121693
87,Sheldon,47.0,189.0,24.867724867724867
87,Penny,23.0,189.0,12.16931216931217
87,Raj,40.0,189.0,21.164021164021165
87,Howard,21.0,189.0,11.11111111111111
87,Bernadette,7.0,189.0,3.7037037037037033
87,Amy,10.0,189.0,5.291005291005291
87,Stuart,0.0,0.0,0.0
88,Leonard,31.0,172.0,18.023255813953487
88,Sheldon,24.0,172.0,13.953488372093023
88,Penny,43.0,172.0,25.0
88,Raj,37.0,172.0,21.511627906976745
88,Howard,13.0,172.0,7.55813953488372
88,Bernadette,6.0,172.0,3.488372093023256
88,Amy,18.0,172.0,10.465116279069768
88,Stuart,0.0,0.0,0.0
89,Leonard,47.0,183.0,25.683060109289617
89,Sheldon,50.0,183.0,27.322404371584703
89,Penny,31.0,183.0,16.939890710382514
89,Raj,12.0,183.0,6.557377049180328
89,Howard,20.0,183.0,10.92896174863388
89,Bernadette,0.0,0.0,0.0
89,Amy,23.0,183.0,12.568306010928962
89,Stuart,0.0,0.0,0.0
90,Leonard,39.0,182.0,21.428571428571427
90,Sheldon,21.0,182.0,11.538461538461538
90,Penny,15.0,182.0,8.241758241758241
90,Raj,1.0,182.0,0.5494505494505495
90,Howard,34.0,182.0,18.681318681318682
90,Bernadette,25.0,182.0,13.736263736263737
90,Amy,47.0,182.0,25.82417582417583
90,Stuart,0.0,0.0,0.0
91,Leonard,16.0,179.0,8.938547486033519
91,Sheldon,25.0,179.0,13.966480446927374
91,Penny,37.0,179.0,20.670391061452513
91,Raj,51.0,179.0,28.49162011173184
91,Howard,45.0,179.0,25.139664804469277
91,Bernadette,3.0,179.0,1.675977653631285
91,Amy,2.0,179.0,1.1173184357541899
91,Stuart,0.0,0.0,0.0
92,Leonard,47.0,210.0,22.380952380952383
92,Sheldon,51.0,210.0,24.285714285714285
92,Penny,10.0,210.0,4.761904761904762
92,Raj,6.0,210.0,2.857142857142857
92,Howard,34.0,210.0,16.19047619047619
92,Bernadette,35.0,210.0,16.666666666666664
92,Amy,9.0,210.0,4.285714285714286
92,Stuart,18.0,210.0,8.571428571428571
93,Leonard,27.0,115.0,23.47826086956522
93,Sheldon,59.0,115.0,51.30434782608696
93,Penny,10.0,115.0,8.695652173913043
93,Raj,6.0,115.0,5.217391304347826
93,Howard,8.0,115.0,6.956521739130435
93,Bernadette,0.0,0.0,0.0
93,Amy,5.0,115.0,4.3478260869565215
93,Stuart,0.0,0.0,0.0
94,Leonard,71.0,168.0,42.26190476190476
94,Sheldon,41.0,168.0,24.404761904761905
94,Penny,24.0,168.0,14.285714285714285
94,Raj,9.0,168.0,5.357142857142857
94,Howard,11.0,168.0,6.547619047619048
94,Bernadette,7.0,168.0,4.166666666666666
94,Amy,0.0,0.0,0.0
94,Stuart,5.0,168.0,2.976190476190476
95,Leonard,31.0,197.0,15.736040609137056
95,Sheldon,37.0,197.0,18.781725888324875
95,Penny,29.0,197.0,14.720812182741117
95,Raj,3.0,197.0,1.5228426395939088
95,Howard,12.0,197.0,6.091370558375635
95,Bernadette,25.0,197.0,12.690355329949238
95,Amy,60.0,197.0,30.456852791878177
95,Stuart,0.0,0.0,0.0
96,Leonard,65.0,182.0,35.714285714285715
96,Sheldon,34.0,182.0,18.681318681318682
96,Penny,61.0,182.0,33.51648351648351
96,Raj,6.0,182.0,3.296703296703297
96,Howard,4.0,182.0,2.197802197802198
96,Bernadette,6.0,182.0,3.296703296703297
96,Amy,6.0,182.0,3.296703296703297
96,Stuart,0.0,0.0,0.0
97,Leonard,27.0,179.0,15.083798882681565
97,Sheldon,54.0,179.0,30.16759776536313
97,Penny,19.0,179.0,10.614525139664805
97,Raj,15.0,179.0,8.379888268156424
97,Howard,17.0,179.0,9.497206703910614
97,Bernadette,7.0,179.0,3.910614525139665
97,Amy,26.0,179.0,14.52513966480447
97,Stuart,14.0,179.0,7.82122905027933
98,Leonard,69.0,201.0,34.32835820895522
98,Sheldon,49.0,201.0,24.378109452736318
98,Penny,35.0,201.0,17.412935323383085
98,Raj,9.0,201.0,4.477611940298507
98,Howard,6.0,201.0,2.9850746268656714
98,Bernadette,17.0,201.0,8.45771144278607
98,Amy,16.0,201.0,7.960199004975125
98,Stuart,0.0,0.0,0.0
99,Leonard,21.0,172.0,12.209302325581394
99,Sheldon,43.0,172.0,25.0
99,Penny,22.0,172.0,12.790697674418606
99,Raj,7.0,172.0,4.069767441860465
99,Howard,41.0,172.0,23.837209302325583
99,Bernadette,26.0,172.0,15.11627906976744
99,Amy,12.0,172.0,6.976744186046512
99,Stuart,0.0,0.0,0.0
100,Leonard,82.0,244.0,33.60655737704918
100,Sheldon,41.0,244.0,16.80327868852459
100,Penny,65.0,244.0,26.639344262295083
100,Raj,7.0,244.0,2.8688524590163933
100,Howard,8.0,244.0,3.278688524590164
100,Bernadette,21.0,244.0,8.60655737704918
100,Amy,20.0,244.0,8.19672131147541
100,Stuart,0.0,0.0,0.0
101,Leonard,35.0,148.0,23.64864864864865
101,Sheldon,25.0,148.0,16.89189189189189
101,Penny,34.0,148.0,22.972972972972975
101,Raj,27.0,148.0,18.243243243243242
101,Howard,10.0,148.0,6.756756756756757
101,Bernadette,4.0,148.0,2.7027027027027026
101,Amy,13.0,148.0,8.783783783783784
101,Stuart,0.0,0.0,0.0
102,Leonard,50.0,181.0,27.624309392265197
102,Sheldon,61.0,181.0,33.70165745856354
102,Penny,13.0,181.0,7.18232044198895
102,Raj,19.0,181.0,10.497237569060774
102,Howard,26.0,181.0,14.3646408839779
102,Bernadette,2.0,181.0,1.1049723756906076
102,Amy,2.0,181.0,1.1049723756906076
102,Stuart,8.0,181.0,4.41988950276243
103,Leonard,28.0,196.0,14.285714285714285
103,Sheldon,63.0,196.0,32.142857142857146
103,Penny,16.0,196.0,8.16326530612245
103,Raj,12.0,196.0,6.122448979591836
103,Howard,29.0,196.0,14.795918367346939
103,Bernadette,15.0,196.0,7.653061224489796
103,Amy,33.0,196.0,16.83673469387755
103,Stuart,0.0,0.0,0.0
104,Leonard,24.0,183.0,13.114754098360656
104,Sheldon,48.0,183.0,26.229508196721312
104,Penny,42.0,183.0,22.950819672131146
104,Raj,13.0,183.0,7.103825136612022
104,Howard,10.0,183.0,5.46448087431694
104,Bernadette,10.0,183.0,5.46448087431694
104,Amy,36.0,183.0,19.672131147540984
104,Stuart,0.0,0.0,0.0
105,Leonard,34.0,159.0,21.38364779874214
105,Sheldon,50.0,159.0,31.446540880503143
105,Penny,23.0,159.0,14.465408805031446
105,Raj,5.0,159.0,3.1446540880503147
105,Howard,22.0,159.0,13.836477987421384
105,Bernadette,17.0,159.0,10.69182389937107
105,Amy,8.0,159.0,5.031446540880504
105,Stuart,0.0,0.0,0.0
106,Leonard,24.0,188.0,12.76595744680851
106,Sheldon,42.0,188.0,22.340425531914892
106,Penny,41.0,188.0,21.808510638297875
106,Raj,15.0,188.0,7.9787234042553195
106,Howard,15.0,188.0,7.9787234042553195
106,Bernadette,8.0,188.0,4.25531914893617
106,Amy,38.0,188.0,20.212765957446805
106,Stuart,5.0,188.0,2.6595744680851063
107,Leonard,27.0,179.0,15.083798882681565
107,Sheldon,51.0,179.0,28.49162011173184
107,Penny,26.0,179.0,14.52513966480447
107,Raj,46.0,179.0,25.69832402234637
107,Howard,21.0,179.0,11.731843575418994
107,Bernadette,8.0,179.0,4.4692737430167595
107,Amy,0.0,0.0,0.0
107,Stuart,0.0,0.0,0.0
108,Leonard,14.0,179.0,7.82122905027933
108,Sheldon,72.0,179.0,40.22346368715084
108,Penny,12.0,179.0,6.70391061452514
108,Raj,13.0,179.0,7.262569832402235
108,Howard,61.0,179.0,34.07821229050279
108,Bernadette,7.0,179.0,3.910614525139665
108,Amy,0.0,0.0,0.0
108,Stuart,0.0,0.0,0.0
109,Leonard,31.0,173.0,17.91907514450867
109,Sheldon,22.0,173.0,12.716763005780345
109,Penny,26.0,173.0,15.028901734104046
109,Raj,24.0,173.0,13.872832369942195
109,Howard,29.0,173.0,16.76300578034682
109,Bernadette,22.0,173.0,12.716763005780345
109,Amy,11.0,173.0,6.358381502890173
109,Stuart,8.0,173.0,4.624277456647398
110,Leonard,46.0,179.0,25.69832402234637
110,Sheldon,36.0,179.0,20.11173184357542
110,Penny,25.0,179.0,13.966480446927374
110,Raj,4.0,179.0,2.2346368715083798
110,Howard,40.0,179.0,22.3463687150838
110,Bernadette,12.0,179.0,6.70391061452514
110,Amy,16.0,179.0,8.938547486033519
110,Stuart,0.0,0.0,0.0
111,Leonard,20.0,158.0,12.658227848101266
111,Sheldon,20.0,158.0,12.658227848101266
111,Penny,12.0,158.0,7.59493670886076
111,Raj,13.0,158.0,8.227848101265822
111,Howard,48.0,158.0,30.37974683544304
111,Bernadette,30.0,158.0,18.9873417721519
111,Amy,15.0,158.0,9.49367088607595
111,Stuart,0.0,0.0,0.0
112,Leonard,30.0,209.0,14.354066985645932
112,Sheldon,26.0,209.0,12.440191387559809
112,Penny,22.0,209.0,10.526315789473683
112,Raj,48.0,209.0,22.966507177033492
112,Howard,29.0,209.0,13.875598086124402
112,Bernadette,11.0,209.0,5.263157894736842
112,Amy,24.0,209.0,11.483253588516746
112,Stuart,19.0,209.0,9.090909090909092
113,Leonard,30.0,218.0,13.761467889908257
113,Sheldon,65.0,218.0,29.81651376146789
113,Penny,39.0,218.0,17.889908256880734
113,Raj,7.0,218.0,3.211009174311927
113,Howard,19.0,218.0,8.715596330275229
113,Bernadette,23.0,218.0,10.550458715596331
113,Amy,22.0,218.0,10.091743119266056
113,Stuart,13.0,218.0,5.963302752293578
114,Leonard,33.0,162.0,20.37037037037037
114,Sheldon,35.0,162.0,21.604938271604937
114,Penny,37.0,162.0,22.839506172839506
114,Raj,5.0,162.0,3.0864197530864197
114,Howard,16.0,162.0,9.876543209876543
114,Bernadette,15.0,162.0,9.25925925925926
114,Amy,21.0,162.0,12.962962962962962
114,Stuart,0.0,0.0,0.0
115,Leonard,28.0,194.0,14.432989690721648
115,Sheldon,44.0,194.0,22.68041237113402
115,Penny,27.0,194.0,13.917525773195877
115,Raj,15.0,194.0,7.731958762886598
115,Howard,41.0,194.0,21.1340206185567
115,Bernadette,12.0,194.0,6.185567010309279
115,Amy,17.0,194.0,8.762886597938143
115,Stuart,10.0,194.0,5.154639175257731
116,Leonard,33.0,213.0,15.492957746478872
116,Sheldon,25.0,213.0,11.737089201877934
116,Penny,39.0,213.0,18.30985915492958
116,Raj,19.0,213.0,8.92018779342723
116,Howard,41.0,213.0,19.248826291079812
116,Bernadette,31.0,213.0,14.553990610328638
116,Amy,17.0,213.0,7.981220657276995
116,Stuart,8.0,213.0,3.755868544600939
117,Leonard,45.0,189.0,23.809523809523807
117,Sheldon,48.0,189.0,25.396825396825395
117,Penny,37.0,189.0,19.576719576719576
117,Raj,16.0,189.0,8.465608465608465
117,Howard,16.0,189.0,8.465608465608465
117,Bernadette,12.0,189.0,6.349206349206349
117,Amy,15.0,189.0,7.936507936507936
117,Stuart,0.0,0.0,0.0
118,Leonard,13.0,164.0,7.926829268292683
118,Sheldon,53.0,164.0,32.31707317073171
118,Penny,21.0,164.0,12.804878048780488
118,Raj,2.0,164.0,1.2195121951219512
118,Howard,32.0,164.0,19.51219512195122
118,Bernadette,22.0,164.0,13.414634146341465
118,Amy,21.0,164.0,12.804878048780488
118,Stuart,0.0,0.0,0.0
119,Leonard,55.0,204.0,26.96078431372549
119,Sheldon,24.0,204.0,11.76470588235294
119,Penny,24.0,204.0,11.76470588235294
119,Raj,49.0,204.0,24.019607843137255
119,Howard,52.0,204.0,25.49019607843137
119,Bernadette,0.0,0.0,0.0
119,Amy,0.0,0.0,0.0
119,Stuart,0.0,0.0,0.0
120,Leonard,19.0,194.0,9.793814432989691
120,Sheldon,53.0,194.0,27.31958762886598
120,Penny,16.0,194.0,8.24742268041237
120,Raj,11.0,194.0,5.670103092783505
120,Howard,36.0,194.0,18.556701030927837
120,Bernadette,28.0,194.0,14.432989690721648
120,Amy,31.0,194.0,15.979381443298967
120,Stuart,0.0,0.0,0.0
121,Leonard,12.0,168.0,7.142857142857142
121,Sheldon,39.0,168.0,23.214285714285715
121,Penny,13.0,168.0,7.738095238095238
121,Raj,10.0,168.0,5.952380952380952
121,Howard,47.0,168.0,27.976190476190478
121,Bernadette,14.0,168.0,8.333333333333332
121,Amy,33.0,168.0,19.642857142857142
121,Stuart,0.0,0.0,0.0
122,Leonard,43.0,203.0,21.182266009852217
122,Sheldon,42.0,203.0,20.689655172413794
122,Penny,18.0,203.0,8.866995073891626
122,Raj,33.0,203.0,16.25615763546798
122,Howard,17.0,203.0,8.374384236453201
122,Bernadette,15.0,203.0,7.389162561576355
122,Amy,19.0,203.0,9.35960591133005
122,Stuart,16.0,203.0,7.8817733990147785
123,Leonard,51.0,169.0,30.17751479289941
123,Sheldon,47.0,169.0,27.810650887573964
123,Penny,33.0,169.0,19.526627218934912
123,Raj,18.0,169.0,10.650887573964498
123,Howard,13.0,169.0,7.6923076923076925
123,Bernadette,5.0,169.0,2.9585798816568047
123,Amy,2.0,169.0,1.183431952662722
123,Stuart,0.0,0.0,0.0
124,Leonard,35.0,200.0,17.5
124,Sheldon,34.0,200.0,17.0
124,Penny,36.0,200.0,18.0
124,Raj,21.0,200.0,10.5
124,Howard,16.0,200.0,8.0
124,Bernadette,21.0,200.0,10.5
124,Amy,28.0,200.0,14.000000000000002
124,Stuart,9.0,200.0,4.5
125,Leonard,31.0,174.0,17.81609195402299
125,Sheldon,53.0,174.0,30.45977011494253
125,Penny,16.0,174.0,9.195402298850574
125,Raj,24.0,174.0,13.793103448275861
125,Howard,35.0,174.0,20.114942528735632
125,Bernadette,10.0,174.0,5.747126436781609
125,Amy,5.0,174.0,2.8735632183908044
125,Stuart,0.0,0.0,0.0
126,Leonard,37.0,219.0,16.894977168949772
126,Sheldon,60.0,219.0,27.397260273972602
126,Penny,32.0,219.0,14.61187214611872
126,Raj,31.0,219.0,14.15525114155251
126,Howard,27.0,219.0,12.32876712328767
126,Bernadette,4.0,219.0,1.82648401826484
126,Amy,28.0,219.0,12.785388127853881
126,Stuart,0.0,0.0,0.0
127,Leonard,47.0,189.0,24.867724867724867
127,Sheldon,28.0,189.0,14.814814814814813
127,Penny,41.0,189.0,21.693121693121693
127,Raj,16.0,189.0,8.465608465608465
127,Howard,20.0,189.0,10.582010582010582
127,Bernadette,12.0,189.0,6.349206349206349
127,Amy,15.0,189.0,7.936507936507936
127,Stuart,10.0,189.0,5.291005291005291
128,Leonard,17.0,139.0,12.23021582733813
128,Sheldon,39.0,139.0,28.05755395683453
128,Penny,19.0,139.0,13.66906474820144
128,Raj,26.0,139.0,18.705035971223023
128,Howard,18.0,139.0,12.949640287769784
128,Bernadette,6.0,139.0,4.316546762589928
128,Amy,13.0,139.0,9.352517985611511
128,Stuart,1.0,139.0,0.7194244604316548
129,Leonard,21.0,119.0,17.647058823529413
129,Sheldon,22.0,119.0,18.487394957983195
129,Penny,15.0,119.0,12.605042016806722
129,Raj,10.0,119.0,8.403361344537815
129,Howard,20.0,119.0,16.80672268907563
129,Bernadette,16.0,119.0,13.445378151260504
129,Amy,15.0,119.0,12.605042016806722
129,Stuart,0.0,0.0,0.0
130,Leonard,30.0,220.0,13.636363636363635
130,Sheldon,46.0,220.0,20.909090909090907
130,Penny,27.0,220.0,12.272727272727273
130,Raj,14.0,220.0,6.363636363636363
130,Howard,45.0,220.0,20.454545454545457
130,Bernadette,41.0,220.0,18.636363636363637
130,Amy,17.0,220.0,7.727272727272727
130,Stuart,0.0,0.0,0.0
131,Leonard,42.0,162.0,25.925925925925924
131,Sheldon,52.0,162.0,32.098765432098766
131,Penny,13.0,162.0,8.024691358024691
131,Raj,19.0,162.0,11.728395061728394
131,Howard,12.0,162.0,7.4074074074074066
131,Bernadette,3.0,162.0,1.8518518518518516
131,Amy,21.0,162.0,12.962962962962962
131,Stuart,0.0,0.0,0.0
132,Leonard,23.0,163.0,14.11042944785276
132,Sheldon,33.0,163.0,20.245398773006134
132,Penny,30.0,163.0,18.404907975460123
132,Raj,33.0,163.0,20.245398773006134
132,Howard,20.0,163.0,12.269938650306749
132,Bernadette,5.0,163.0,3.067484662576687
132,Amy,19.0,163.0,11.65644171779141
132,Stuart,0.0,0.0,0.0
133,Leonard,31.0,154.0,20.12987012987013
133,Sheldon,46.0,154.0,29.87012987012987
133,Penny,18.0,154.0,11.688311688311687
133,Raj,14.0,154.0,9.090909090909092
133,Howard,26.0,154.0,16.883116883116884
133,Bernadette,19.0,154.0,12.337662337662337
133,Amy,0.0,0.0,0.0
133,Stuart,0.0,0.0,0.0
134,Leonard,18.0,163.0,11.042944785276074
134,Sheldon,39.0,163.0,23.92638036809816
134,Penny,18.0,163.0,11.042944785276074
134,Raj,27.0,163.0,16.56441717791411
134,Howard,22.0,163.0,13.496932515337424
134,Bernadette,11.0,163.0,6.748466257668712
134,Amy,28.0,163.0,17.177914110429448
134,Stuart,0.0,0.0,0.0
135,Leonard,39.0,194.0,20.103092783505154
135,Sheldon,34.0,194.0,17.525773195876287
135,Penny,48.0,194.0,24.742268041237114
135,Raj,43.0,194.0,22.164948453608247
135,Howard,14.0,194.0,7.216494845360824
135,Bernadette,5.0,194.0,2.5773195876288657
135,Amy,11.0,194.0,5.670103092783505
135,Stuart,0.0,0.0,0.0
136,Leonard,11.0,199.0,5.527638190954774
136,Sheldon,57.0,199.0,28.643216080402013
136,Penny,47.0,199.0,23.618090452261306
136,Raj,28.0,199.0,14.07035175879397
136,Howard,15.0,199.0,7.537688442211055
136,Bernadette,20.0,199.0,10.050251256281408
136,Amy,21.0,199.0,10.552763819095476
136,Stuart,0.0,0.0,0.0
137,Leonard,33.0,241.0,13.692946058091287
137,Sheldon,77.0,241.0,31.950207468879665
137,Penny,43.0,241.0,17.842323651452283
137,Raj,18.0,241.0,7.468879668049793
137,Howard,31.0,241.0,12.863070539419086
137,Bernadette,12.0,241.0,4.979253112033195
137,Amy,21.0,241.0,8.71369294605809
137,Stuart,6.0,241.0,2.4896265560165975
138,Leonard,44.0,236.0,18.64406779661017
138,Sheldon,40.0,236.0,16.94915254237288
138,Penny,40.0,236.0,16.94915254237288
138,Raj,21.0,236.0,8.898305084745763
138,Howard,31.0,236.0,13.135593220338984
138,Bernadette,30.0,236.0,12.711864406779661
138,Amy,26.0,236.0,11.016949152542372
138,Stuart,4.0,236.0,1.694915254237288
139,Leonard,47.0,184.0,25.543478260869566
139,Sheldon,27.0,184.0,14.673913043478262
139,Penny,26.0,184.0,14.130434782608695
139,Raj,24.0,184.0,13.043478260869565
139,Howard,19.0,184.0,10.326086956521738
139,Bernadette,7.0,184.0,3.804347826086957
139,Amy,17.0,184.0,9.239130434782608
139,Stuart,17.0,184.0,9.239130434782608
140,Leonard,17.0,186.0,9.13978494623656
140,Sheldon,61.0,186.0,32.795698924731184
140,Penny,13.0,186.0,6.989247311827956
140,Raj,13.0,186.0,6.989247311827956
140,Howard,26.0,186.0,13.978494623655912
140,Bernadette,18.0,186.0,9.67741935483871
140,Amy,38.0,186.0,20.43010752688172
140,Stuart,0.0,0.0,0.0
141,Leonard,40.0,197.0,20.304568527918782
141,Sheldon,45.0,197.0,22.84263959390863
141,Penny,35.0,197.0,17.766497461928935
141,Raj,18.0,197.0,9.137055837563452
141,Howard,27.0,197.0,13.705583756345177
141,Bernadette,9.0,197.0,4.568527918781726
141,Amy,23.0,197.0,11.6751269035533
141,Stuart,0.0,0.0,0.0
142,Leonard,29.0,172.0,16.86046511627907
142,Sheldon,46.0,172.0,26.744186046511626
142,Penny,14.0,172.0,8.13953488372093
142,Raj,25.0,172.0,14.534883720930234
142,Howard,31.0,172.0,18.023255813953487
142,Bernadette,6.0,172.0,3.488372093023256
142,Amy,21.0,172.0,12.209302325581394
142,Stuart,0.0,0.0,0.0
143,Leonard,42.0,176.0,23.863636363636363
143,Sheldon,37.0,176.0,21.022727272727273
143,Penny,34.0,176.0,19.318181818181817
143,Raj,23.0,176.0,13.068181818181818
143,Howard,13.0,176.0,7.386363636363637
143,Bernadette,15.0,176.0,8.522727272727272
143,Amy,12.0,176.0,6.8181818181818175
143,Stuart,0.0,0.0,0.0
144,Leonard,34.0,196.0,17.346938775510203
144,Sheldon,34.0,196.0,17.346938775510203
144,Penny,39.0,196.0,19.897959183673468
144,Raj,13.0,196.0,6.63265306122449
144,Howard,32.0,196.0,16.3265306122449
144,Bernadette,21.0,196.0,10.714285714285714
144,Amy,23.0,196.0,11.73469387755102
144,Stuart,0.0,0.0,0.0
145,Leonard,27.0,186.0,14.516129032258066
145,Sheldon,56.0,186.0,30.107526881720432
145,Penny,10.0,186.0,5.376344086021505
145,Raj,23.0,186.0,12.365591397849462
145,Howard,32.0,186.0,17.20430107526882
145,Bernadette,26.0,186.0,13.978494623655912
145,Amy,12.0,186.0,6.451612903225806
145,Stuart,0.0,0.0,0.0
146,Leonard,47.0,235.0,20.0
146,Sheldon,38.0,235.0,16.170212765957448
146,Penny,45.0,235.0,19.148936170212767
146,Raj,26.0,235.0,11.063829787234042
146,Howard,20.0,235.0,8.51063829787234
146,Bernadette,14.0,235.0,5.957446808510639
146,Amy,34.0,235.0,14.468085106382977
146,Stuart,11.0,235.0,4.680851063829787
147,Leonard,60.0,218.0,27.522935779816514
147,Sheldon,39.0,218.0,17.889908256880734
147,Penny,49.0,218.0,22.477064220183486
147,Raj,17.0,218.0,7.79816513761468
147,Howard,14.0,218.0,6.422018348623854
147,Bernadette,12.0,218.0,5.5045871559633035
147,Amy,17.0,218.0,7.79816513761468
147,Stuart,10.0,218.0,4.587155963302752
148,Leonard,41.0,228.0,17.982456140350877
148,Sheldon,42.0,228.0,18.421052631578945
148,Penny,40.0,228.0,17.543859649122805
148,Raj,18.0,228.0,7.894736842105263
148,Howard,20.0,228.0,8.771929824561402
148,Bernadette,19.0,228.0,8.333333333333332
148,Amy,30.0,228.0,13.157894736842104
148,Stuart,18.0,228.0,7.894736842105263
149,Leonard,34.0,181.0,18.784530386740332
149,Sheldon,42.0,181.0,23.204419889502763
149,Penny,24.0,181.0,13.259668508287293
149,Raj,27.0,181.0,14.917127071823206
149,Howard,30.0,181.0,16.574585635359114
149,Bernadette,11.0,181.0,6.077348066298343
149,Amy,13.0,181.0,7.18232044198895
149,Stuart,0.0,0.0,0.0
150,Leonard,33.0,186.0,17.741935483870968
150,Sheldon,48.0,186.0,25.806451612903224
150,Penny,32.0,186.0,17.20430107526882
150,Raj,15.0,186.0,8.064516129032258
150,Howard,14.0,186.0,7.526881720430108
150,Bernadette,12.0,186.0,6.451612903225806
150,Amy,32.0,186.0,17.20430107526882
150,Stuart,0.0,0.0,0.0
151,Leonard,40.0,225.0,17.77777777777778
151,Sheldon,44.0,225.0,19.555555555555557
151,Penny,31.0,225.0,13.777777777777779
151,Raj,29.0,225.0,12.88888888888889
151,Howard,41.0,225.0,18.22222222222222
151,Bernadette,24.0,225.0,10.666666666666668
151,Amy,16.0,225.0,7.111111111111111
151,Stuart,0.0,0.0,0.0
152,Leonard,20.0,206.0,9.70873786407767
152,Sheldon,44.0,206.0,21.35922330097087
152,Penny,24.0,206.0,11.650485436893204
152,Raj,42.0,206.0,20.388349514563107
152,Howard,37.0,206.0,17.96116504854369
152,Bernadette,10.0,206.0,4.854368932038835
152,Amy,29.0,206.0,14.077669902912621
152,Stuart,0.0,0.0,0.0
153,Leonard,24.0,217.0,11.059907834101383
153,Sheldon,46.0,217.0,21.19815668202765
153,Penny,32.0,217.0,14.746543778801843
153,Raj,36.0,217.0,16.589861751152075
153,Howard,25.0,217.0,11.52073732718894
153,Bernadette,20.0,217.0,9.216589861751153
153,Amy,20.0,217.0,9.216589861751153
153,Stuart,14.0,217.0,6.451612903225806
154,Leonard,29.0,197.0,14.720812182741117
154,Sheldon,42.0,197.0,21.31979695431472
154,Penny,35.0,197.0,17.766497461928935
154,Raj,29.0,197.0,14.720812182741117
154,Howard,6.0,197.0,3.0456852791878175
154,Bernadette,18.0,197.0,9.137055837563452
154,Amy,38.0,197.0,19.289340101522843
154,Stuart,0.0,0.0,0.0
155,Leonard,23.0,190.0,12.105263157894736
155,Sheldon,55.0,190.0,28.947368421052634
155,Penny,24.0,190.0,12.631578947368421
155,Raj,23.0,190.0,12.105263157894736
155,Howard,43.0,190.0,22.63157894736842
155,Bernadette,14.0,190.0,7.368421052631578
155,Amy,8.0,190.0,4.2105263157894735
155,Stuart,0.0,0.0,0.0
156,Leonard,30.0,179.0,16.75977653631285
156,Sheldon,45.0,179.0,25.139664804469277
156,Penny,44.0,179.0,24.581005586592177
156,Raj,23.0,179.0,12.849162011173185
156,Howard,16.0,179.0,8.938547486033519
156,Bernadette,6.0,179.0,3.35195530726257
156,Amy,15.0,179.0,8.379888268156424
156,Stuart,0.0,0.0,0.0
157,Leonard,44.0,189.0,23.28042328042328
157,Sheldon,48.0,189.0,25.396825396825395
157,Penny,39.0,189.0,20.634920634920633
157,Raj,16.0,189.0,8.465608465608465
157,Howard,14.0,189.0,7.4074074074074066
157,Bernadette,11.0,189.0,5.82010582010582
157,Amy,17.0,189.0,8.994708994708994
157,Stuart,0.0,0.0,0.0
158,Leonard,33.0,193.0,17.098445595854923
158,Sheldon,25.0,193.0,12.953367875647666
158,Penny,42.0,193.0,21.761658031088082
158,Raj,41.0,193.0,21.243523316062177
158,Howard,28.0,193.0,14.507772020725387
158,Bernadette,21.0,193.0,10.880829015544041
158,Amy,3.0,193.0,1.5544041450777202
158,Stuart,0.0,0.0,0.0
159,Leonard,65.0,239.0,27.19665271966527
159,Sheldon,54.0,239.0,22.594142259414227
159,Penny,34.0,239.0,14.225941422594143
159,Raj,9.0,239.0,3.765690376569038
159,Howard,18.0,239.0,7.531380753138076
159,Bernadette,17.0,239.0,7.112970711297072
159,Amy,22.0,239.0,9.205020920502092
159,Stuart,20.0,239.0,8.368200836820083
160,Leonard,30.0,183.0,16.39344262295082
160,Sheldon,41.0,183.0,22.404371584699454
160,Penny,30.0,183.0,16.39344262295082
160,Raj,17.0,183.0,9.289617486338798
160,Howard,27.0,183.0,14.754098360655737
160,Bernadette,12.0,183.0,6.557377049180328
160,Amy,14.0,183.0,7.650273224043716
160,Stuart,12.0,183.0,6.557377049180328
161,Leonard,22.0,204.0,10.784313725490197
161,Sheldon,64.0,204.0,31.372549019607842
161,Penny,21.0,204.0,10.294117647058822
161,Raj,13.0,204.0,6.372549019607843
161,Howard,35.0,204.0,17.15686274509804
161,Bernadette,19.0,204.0,9.313725490196079
161,Amy,30.0,204.0,14.705882352941178
161,Stuart,0.0,0.0,0.0
162,Leonard,39.0,196.0,19.897959183673468
162,Sheldon,38.0,196.0,19.387755102040817
162,Penny,36.0,196.0,18.367346938775512
162,Raj,8.0,196.0,4.081632653061225
162,Howard,35.0,196.0,17.857142857142858
162,Bernadette,21.0,196.0,10.714285714285714
162,Amy,19.0,196.0,9.693877551020408
162,Stuart,0.0,0.0,0.0
163,Leonard,28.0,216.0,12.962962962962962
163,Sheldon,33.0,216.0,15.277777777777779
163,Penny,51.0,216.0,23.61111111111111
163,Raj,30.0,216.0,13.88888888888889
163,Howard,31.0,216.0,14.351851851851851
163,Bernadette,23.0,216.0,10.648148148148149
163,Amy,14.0,216.0,6.481481481481481
163,Stuart,6.0,216.0,2.7777777777777777
164,Leonard,43.0,220.0,19.545454545454547
164,Sheldon,46.0,220.0,20.909090909090907
164,Penny,23.0,220.0,10.454545454545453
164,Raj,29.0,220.0,13.18181818181818
164,Howard,28.0,220.0,12.727272727272727
164,Bernadette,24.0,220.0,10.909090909090908
164,Amy,27.0,220.0,12.272727272727273
164,Stuart,0.0,0.0,0.0
165,Leonard,43.0,231.0,18.614718614718615
165,Sheldon,50.0,231.0,21.645021645021643
165,Penny,43.0,231.0,18.614718614718615
165,Raj,41.0,231.0,17.74891774891775
165,Howard,20.0,231.0,8.658008658008658
165,Bernadette,23.0,231.0,9.956709956709958
165,Amy,11.0,231.0,4.761904761904762
165,Stuart,0.0,0.0,0.0
166,Leonard,41.0,167.0,24.550898203592812
166,Sheldon,28.0,167.0,16.766467065868262
166,Penny,29.0,167.0,17.365269461077844
166,Raj,15.0,167.0,8.982035928143713
166,Howard,11.0,167.0,6.58682634730539
166,Bernadette,17.0,167.0,10.179640718562874
166,Amy,26.0,167.0,15.568862275449103
166,Stuart,0.0,0.0,0.0
167,Leonard,33.0,200.0,16.5
167,Sheldon,35.0,200.0,17.5
167,Penny,38.0,200.0,19.0
167,Raj,13.0,200.0,6.5
167,Howard,28.0,200.0,14.000000000000002
167,Bernadette,22.0,200.0,11.0
167,Amy,24.0,200.0,12.0
167,Stuart,7.0,200.0,3.5000000000000004
168,Leonard,32.0,223.0,14.349775784753364
168,Sheldon,67.0,223.0,30.04484304932735
168,Penny,22.0,223.0,9.865470852017937
168,Raj,16.0,223.0,7.174887892376682
168,Howard,29.0,223.0,13.004484304932735
168,Bernadette,29.0,223.0,13.004484304932735
168,Amy,28.0,223.0,12.556053811659194
168,Stuart,0.0,0.0,0.0
169,Leonard,29.0,173.0,16.76300578034682
169,Sheldon,34.0,173.0,19.653179190751445
169,Penny,25.0,173.0,14.450867052023122
169,Raj,18.0,173.0,10.404624277456648
169,Howard,21.0,173.0,12.138728323699421
169,Bernadette,30.0,173.0,17.341040462427745
169,Amy,16.0,173.0,9.248554913294797
169,Stuart,0.0,0.0,0.0
170,Leonard,38.0,195.0,19.48717948717949
170,Sheldon,32.0,195.0,16.41025641025641
170,Penny,20.0,195.0,10.256410256410255
170,Raj,29.0,195.0,14.871794871794872
170,Howard,42.0,195.0,21.53846153846154
170,Bernadette,14.0,195.0,7.179487179487179
170,Amy,20.0,195.0,10.256410256410255
170,Stuart,0.0,0.0,0.0
171,Leonard,46.0,214.0,21.49532710280374
171,Sheldon,49.0,214.0,22.897196261682243
171,Penny,31.0,214.0,14.485981308411214
171,Raj,34.0,214.0,15.887850467289718
171,Howard,29.0,214.0,13.551401869158877
171,Bernadette,5.0,214.0,2.336448598130841
171,Amy,20.0,214.0,9.345794392523365
171,Stuart,0.0,0.0,0.0
172,Leonard,30.0,197.0,15.228426395939088
172,Sheldon,74.0,197.0,37.56345177664975
172,Penny,29.0,197.0,14.720812182741117
172,Raj,12.0,197.0,6.091370558375635
172,Howard,21.0,197.0,10.65989847715736
172,Bernadette,5.0,197.0,2.5380710659898478
172,Amy,26.0,197.0,13.19796954314721
172,Stuart,0.0,0.0,0.0
173,Leonard,56.0,209.0,26.794258373205743
173,Sheldon,47.0,209.0,22.48803827751196
173,Penny,37.0,209.0,17.703349282296653
173,Raj,12.0,209.0,5.741626794258373
173,Howard,10.0,209.0,4.784688995215311
173,Bernadette,23.0,209.0,11.004784688995215
173,Amy,24.0,209.0,11.483253588516746
173,Stuart,0.0,0.0,0.0
174,Leonard,30.0,214.0,14.018691588785046
174,Sheldon,50.0,214.0,23.364485981308412
174,Penny,42.0,214.0,19.626168224299064
174,Raj,24.0,214.0,11.214953271028037
174,Howard,20.0,214.0,9.345794392523365
174,Bernadette,15.0,214.0,7.009345794392523
174,Amy,21.0,214.0,9.813084112149532
174,Stuart,12.0,214.0,5.607476635514018
175,Leonard,20.0,187.0,10.695187165775401
175,Sheldon,55.0,187.0,29.411764705882355
175,Penny,50.0,187.0,26.737967914438503
175,Raj,19.0,187.0,10.16042780748663
175,Howard,11.0,187.0,5.88235294117647
175,Bernadette,11.0,187.0,5.88235294117647
175,Amy,21.0,187.0,11.229946524064172
175,Stuart,0.0,0.0,0.0
176,Leonard,32.0,194.0,16.49484536082474
176,Sheldon,39.0,194.0,20.103092783505154
176,Penny,28.0,194.0,14.432989690721648
176,Raj,32.0,194.0,16.49484536082474
176,Howard,20.0,194.0,10.309278350515463
176,Bernadette,9.0,194.0,4.639175257731959
176,Amy,34.0,194.0,17.525773195876287
176,Stuart,0.0,0.0,0.0
177,Leonard,42.0,226.0,18.58407079646018
177,Sheldon,58.0,226.0,25.663716814159294
177,Penny,24.0,226.0,10.619469026548673
177,Raj,15.0,226.0,6.637168141592921
177,Howard,30.0,226.0,13.274336283185843
177,Bernadette,20.0,226.0,8.849557522123893
177,Amy,28.0,226.0,12.389380530973451
177,Stuart,9.0,226.0,3.982300884955752
178,Leonard,48.0,191.0,25.13089005235602
178,Sheldon,57.0,191.0,29.84293193717277
178,Penny,15.0,191.0,7.853403141361256
178,Raj,11.0,191.0,5.7591623036649215
178,Howard,23.0,191.0,12.041884816753926
178,Bernadette,22.0,191.0,11.518324607329843
178,Amy,15.0,191.0,7.853403141361256
178,Stuart,0.0,0.0,0.0
179,Leonard,40.0,185.0,21.62162162162162
179,Sheldon,35.0,185.0,18.91891891891892
179,Penny,29.0,185.0,15.675675675675677
179,Raj,18.0,185.0,9.72972972972973
179,Howard,25.0,185.0,13.513513513513514
179,Bernadette,11.0,185.0,5.9459459459459465
179,Amy,27.0,185.0,14.594594594594595
179,Stuart,0.0,0.0,0.0
180,Leonard,44.0,214.0,20.5607476635514
180,Sheldon,44.0,214.0,20.5607476635514
180,Penny,29.0,214.0,13.551401869158877
180,Raj,45.0,214.0,21.02803738317757
180,Howard,32.0,214.0,14.953271028037381
180,Bernadette,18.0,214.0,8.411214953271028
180,Amy,2.0,214.0,0.9345794392523363
180,Stuart,0.0,0.0,0.0
181,Leonard,30.0,185.0,16.216216216216218
181,Sheldon,40.0,185.0,21.62162162162162
181,Penny,28.0,185.0,15.135135135135137
181,Raj,33.0,185.0,17.83783783783784
181,Howard,43.0,185.0,23.243243243243246
181,Bernadette,8.0,185.0,4.324324324324325
181,Amy,3.0,185.0,1.6216216216216217
181,Stuart,0.0,0.0,0.0
182,Leonard,35.0,125.0,28.000000000000004
182,Sheldon,35.0,125.0,28.000000000000004
182,Penny,22.0,125.0,17.599999999999998
182,Raj,7.0,125.0,5.6000000000000005
182,Howard,9.0,125.0,7.199999999999999
182,Bernadette,6.0,125.0,4.8
182,Amy,4.0,125.0,3.2
182,Stuart,7.0,125.0,5.6000000000000005
183,Leonard,54.0,246.0,21.951219512195124
183,Sheldon,45.0,246.0,18.29268292682927
183,Penny,67.0,246.0,27.235772357723576
183,Raj,20.0,246.0,8.130081300813007
183,Howard,20.0,246.0,8.130081300813007
183,Bernadette,19.0,246.0,7.723577235772358
183,Amy,11.0,246.0,4.471544715447155
183,Stuart,10.0,246.0,4.0650406504065035
184,Leonard,56.0,233.0,24.034334763948497
184,Sheldon,61.0,233.0,26.180257510729614
184,Penny,58.0,233.0,24.892703862660944
184,Raj,5.0,233.0,2.1459227467811157
184,Howard,9.0,233.0,3.862660944206009
184,Bernadette,12.0,233.0,5.150214592274678
184,Amy,24.0,233.0,10.300429184549357
184,Stuart,8.0,233.0,3.4334763948497855
185,Leonard,55.0,188.0,29.25531914893617
185,Sheldon,39.0,188.0,20.74468085106383
185,Penny,34.0,188.0,18.085106382978726
185,Raj,14.0,188.0,7.446808510638298
185,Howard,16.0,188.0,8.51063829787234
185,Bernadette,9.0,188.0,4.787234042553192
185,Amy,21.0,188.0,11.170212765957446
185,Stuart,0.0,0.0,0.0
186,Leonard,27.0,219.0,12.32876712328767
186,Sheldon,37.0,219.0,16.894977168949772
186,Penny,53.0,219.0,24.200913242009133
186,Raj,23.0,219.0,10.50228310502283
186,Howard,29.0,219.0,13.24200913242009
186,Bernadette,24.0,219.0,10.95890410958904
186,Amy,26.0,219.0,11.87214611872146
186,Stuart,0.0,0.0,0.0
187,Leonard,21.0,172.0,12.209302325581394
187,Sheldon,40.0,172.0,23.25581395348837
187,Penny,21.0,172.0,12.209302325581394
187,Raj,33.0,172.0,19.186046511627907
187,Howard,26.0,172.0,15.11627906976744
187,Bernadette,12.0,172.0,6.976744186046512
187,Amy,7.0,172.0,4.069767441860465
187,Stuart,12.0,172.0,6.976744186046512
188,Leonard,32.0,181.0,17.67955801104972
188,Sheldon,51.0,181.0,28.176795580110497
188,Penny,16.0,181.0,8.83977900552486
188,Raj,13.0,181.0,7.18232044198895
188,Howard,17.0,181.0,9.392265193370166
188,Bernadette,15.0,181.0,8.287292817679557
188,Amy,21.0,181.0,11.602209944751381
188,Stuart,16.0,181.0,8.83977900552486
189,Leonard,62.0,211.0,29.383886255924168
189,Sheldon,67.0,211.0,31.753554502369667
189,Penny,21.0,211.0,9.95260663507109
189,Raj,12.0,211.0,5.687203791469194
189,Howard,11.0,211.0,5.213270142180095
189,Bernadette,16.0,211.0,7.5829383886255926
189,Amy,12.0,211.0,5.687203791469194
189,Stuart,10.0,211.0,4.739336492890995
190,Leonard,25.0,164.0,15.24390243902439
190,Sheldon,42.0,164.0,25.609756097560975
190,Penny,27.0,164.0,16.463414634146343
190,Raj,12.0,164.0,7.317073170731707
190,Howard,33.0,164.0,20.121951219512198
190,Bernadette,25.0,164.0,15.24390243902439
190,Amy,0.0,0.0,0.0
190,Stuart,0.0,0.0,0.0
191,Leonard,22.0,193.0,11.398963730569948
191,Sheldon,37.0,193.0,19.170984455958546
191,Penny,33.0,193.0,17.098445595854923
191,Raj,22.0,193.0,11.398963730569948
191,Howard,23.0,193.0,11.917098445595855
191,Bernadette,23.0,193.0,11.917098445595855
191,Amy,33.0,193.0,17.098445595854923
191,Stuart,0.0,0.0,0.0
192,Leonard,35.0,205.0,17.073170731707318
192,Sheldon,46.0,205.0,22.439024390243905
192,Penny,34.0,205.0,16.585365853658537
192,Raj,11.0,205.0,5.365853658536586
192,Howard,27.0,205.0,13.170731707317074
192,Bernadette,12.0,205.0,5.853658536585367
192,Amy,40.0,205.0,19.51219512195122
192,Stuart,0.0,0.0,0.0
193,Leonard,25.0,171.0,14.619883040935672
193,Sheldon,31.0,171.0,18.128654970760234
193,Penny,19.0,171.0,11.11111111111111
193,Raj,27.0,171.0,15.789473684210526
193,Howard,28.0,171.0,16.374269005847953
193,Bernadette,12.0,171.0,7.017543859649122
193,Amy,29.0,171.0,16.95906432748538
193,Stuart,0.0,0.0,0.0
194,Leonard,22.0,188.0,11.702127659574469
194,Sheldon,66.0,188.0,35.1063829787234
194,Penny,23.0,188.0,12.23404255319149
194,Raj,15.0,188.0,7.9787234042553195
194,Howard,14.0,188.0,7.446808510638298
194,Bernadette,15.0,188.0,7.9787234042553195
194,Amy,31.0,188.0,16.48936170212766
194,Stuart,2.0,188.0,1.0638297872340425
195,Leonard,29.0,215.0,13.488372093023257
195,Sheldon,50.0,215.0,23.25581395348837
195,Penny,28.0,215.0,13.023255813953488
195,Raj,33.0,215.0,15.348837209302326
195,Howard,29.0,215.0,13.488372093023257
195,Bernadette,23.0,215.0,10.69767441860465
195,Amy,9.0,215.0,4.186046511627907
195,Stuart,14.0,215.0,6.511627906976744
196,Leonard,35.0,202.0,17.326732673267326
196,Sheldon,77.0,202.0,38.11881188118812
196,Penny,22.0,202.0,10.891089108910892
196,Raj,21.0,202.0,10.396039603960396
196,Howard,14.0,202.0,6.9306930693069315
196,Bernadette,9.0,202.0,4.455445544554455
196,Amy,15.0,202.0,7.425742574257425
196,Stuart,9.0,202.0,4.455445544554455
197,Leonard,16.0,183.0,8.743169398907105
197,Sheldon,47.0,183.0,25.683060109289617
197,Penny,17.0,183.0,9.289617486338798
197,Raj,38.0,183.0,20.76502732240437
197,Howard,22.0,183.0,12.021857923497267
197,Bernadette,12.0,183.0,6.557377049180328
197,Amy,31.0,183.0,16.939890710382514
197,Stuart,0.0,0.0,0.0
198,Leonard,38.0,198.0,19.19191919191919
198,Sheldon,28.0,198.0,14.14141414141414
198,Penny,35.0,198.0,17.67676767676768
198,Raj,19.0,198.0,9.595959595959595
198,Howard,27.0,198.0,13.636363636363635
198,Bernadette,20.0,198.0,10.1010101010101
198,Amy,31.0,198.0,15.656565656565657
198,Stuart,0.0,0.0,0.0
199,Leonard,34.0,202.0,16.831683168316832
199,Sheldon,29.0,202.0,14.356435643564355
199,Penny,26.0,202.0,12.871287128712872
199,Raj,20.0,202.0,9.900990099009901
199,Howard,40.0,202.0,19.801980198019802
199,Bernadette,34.0,202.0,16.831683168316832
199,Amy,19.0,202.0,9.405940594059405
199,Stuart,0.0,0.0,0.0
200,Leonard,32.0,150.0,21.333333333333336
200,Sheldon,42.0,150.0,28.000000000000004
200,Penny,24.0,150.0,16.0
200,Raj,9.0,150.0,6.0
200,Howard,8.0,150.0,5.333333333333334
200,Bernadette,5.0,150.0,3.3333333333333335
200,Amy,23.0,150.0,15.333333333333332
200,Stuart,7.0,150.0,4.666666666666667
201,Leonard,25.0,198.0,12.626262626262626
201,Sheldon,34.0,198.0,17.17171717171717
201,Penny,22.0,198.0,11.11111111111111
201,Raj,40.0,198.0,20.2020202020202
201,Howard,37.0,198.0,18.68686868686869
201,Bernadette,24.0,198.0,12.121212121212121
201,Amy,16.0,198.0,8.080808080808081
201,Stuart,0.0,0.0,0.0
202,Leonard,31.0,232.0,13.36206896551724
202,Sheldon,60.0,232.0,25.862068965517242
202,Penny,29.0,232.0,12.5
202,Raj,15.0,232.0,6.4655172413793105
202,Howard,23.0,232.0,9.913793103448276
202,Bernadette,16.0,232.0,6.896551724137931
202,Amy,58.0,232.0,25.0
202,Stuart,0.0,0.0,0.0
203,Leonard,46.0,238.0,19.327731092436977
203,Sheldon,39.0,238.0,16.386554621848738
203,Penny,48.0,238.0,20.168067226890756
203,Raj,17.0,238.0,7.142857142857142
203,Howard,36.0,238.0,15.126050420168067
203,Bernadette,28.0,238.0,11.76470588235294
203,Amy,24.0,238.0,10.084033613445378
203,Stuart,0.0,0.0,0.0
204,Leonard,58.0,232.0,25.0
204,Sheldon,45.0,232.0,19.396551724137932
204,Penny,26.0,232.0,11.206896551724139
204,Raj,29.0,232.0,12.5
204,Howard,34.0,232.0,14.655172413793101
204,Bernadette,7.0,232.0,3.0172413793103448
204,Amy,18.0,232.0,7.758620689655173
204,Stuart,15.0,232.0,6.4655172413793105
205,Leonard,43.0,231.0,18.614718614718615
205,Sheldon,52.0,231.0,22.51082251082251
205,Penny,24.0,231.0,10.38961038961039
205,Raj,29.0,231.0,12.554112554112553
205,Howard,31.0,231.0,13.41991341991342
205,Bernadette,30.0,231.0,12.987012987012985
205,Amy,22.0,231.0,9.523809523809524
205,Stuart,0.0,0.0,0.0
206,Leonard,31.0,187.0,16.577540106951872
206,Sheldon,52.0,187.0,27.807486631016044
206,Penny,37.0,187.0,19.786096256684495
206,Raj,8.0,187.0,4.27807486631016
206,Howard,13.0,187.0,6.951871657754011
206,Bernadette,9.0,187.0,4.81283422459893
206,Amy,17.0,187.0,9.090909090909092
206,Stuart,20.0,187.0,10.695187165775401
207,Leonard,41.0,176.0,23.295454545454543
207,Sheldon,26.0,176.0,14.772727272727273
207,Penny,39.0,176.0,22.15909090909091
207,Raj,18.0,176.0,10.227272727272728
207,Howard,22.0,176.0,12.5
207,Bernadette,11.0,176.0,6.25
207,Amy,19.0,176.0,10.795454545454545
207,Stuart,0.0,0.0,0.0
208,Leonard,27.0,152.0,17.763157894736842
208,Sheldon,38.0,152.0,25.0
208,Penny,26.0,152.0,17.105263157894736
208,Raj,20.0,152.0,13.157894736842104
208,Howard,15.0,152.0,9.868421052631579
208,Bernadette,12.0,152.0,7.894736842105263
208,Amy,8.0,152.0,5.263157894736842
208,Stuart,6.0,152.0,3.9473684210526314
209,Leonard,32.0,213.0,15.023474178403756
209,Sheldon,38.0,213.0,17.84037558685446
209,Penny,38.0,213.0,17.84037558685446
209,Raj,16.0,213.0,7.511737089201878
209,Howard,33.0,213.0,15.492957746478872
209,Bernadette,37.0,213.0,17.370892018779344
209,Amy,19.0,213.0,8.92018779342723
209,Stuart,0.0,0.0,0.0
210,Leonard,36.0,205.0,17.560975609756095
210,Sheldon,45.0,205.0,21.951219512195124
210,Penny,22.0,205.0,10.731707317073171
210,Raj,33.0,205.0,16.097560975609756
210,Howard,23.0,205.0,11.219512195121952
210,Bernadette,30.0,205.0,14.634146341463413
210,Amy,16.0,205.0,7.804878048780488
210,Stuart,0.0,0.0,0.0
211,Leonard,31.0,232.0,13.36206896551724
211,Sheldon,64.0,232.0,27.586206896551722
211,Penny,39.0,232.0,16.810344827586206
211,Raj,12.0,232.0,5.172413793103448
211,Howard,16.0,232.0,6.896551724137931
211,Bernadette,15.0,232.0,6.4655172413793105
211,Amy,55.0,232.0,23.70689655172414
211,Stuart,0.0,0.0,0.0
212,Leonard,28.0,226.0,12.389380530973451
212,Sheldon,37.0,226.0,16.371681415929203
212,Penny,43.0,226.0,19.02654867256637
212,Raj,21.0,226.0,9.29203539823009
212,Howard,27.0,226.0,11.946902654867257
212,Bernadette,24.0,226.0,10.619469026548673
212,Amy,25.0,226.0,11.061946902654867
212,Stuart,21.0,226.0,9.29203539823009
213,Leonard,33.0,202.0,16.33663366336634
213,Sheldon,32.0,202.0,15.841584158415841
213,Penny,38.0,202.0,18.81188118811881
213,Raj,11.0,202.0,5.445544554455446
213,Howard,27.0,202.0,13.366336633663368
213,Bernadette,21.0,202.0,10.396039603960396
213,Amy,22.0,202.0,10.891089108910892
213,Stuart,18.0,202.0,8.91089108910891
214,Leonard,47.0,236.0,19.915254237288135
214,Sheldon,69.0,236.0,29.23728813559322
214,Penny,36.0,236.0,15.254237288135593
214,Raj,10.0,236.0,4.23728813559322
214,Howard,17.0,236.0,7.203389830508475
214,Bernadette,5.0,236.0,2.11864406779661
214,Amy,52.0,236.0,22.033898305084744
214,Stuart,0.0,0.0,0.0
215,Leonard,10.0,169.0,5.9171597633136095
215,Sheldon,39.0,169.0,23.076923076923077
215,Penny,12.0,169.0,7.100591715976331
215,Raj,54.0,169.0,31.952662721893493
215,Howard,9.0,169.0,5.325443786982249
215,Bernadette,7.0,169.0,4.142011834319527
215,Amy,38.0,169.0,22.485207100591715
215,Stuart,0.0,0.0,0.0
216,Leonard,37.0,179.0,20.670391061452513
216,Sheldon,55.0,179.0,30.726256983240223
216,Penny,18.0,179.0,10.05586592178771
216,Raj,13.0,179.0,7.262569832402235
216,Howard,26.0,179.0,14.52513966480447
216,Bernadette,11.0,179.0,6.145251396648044
216,Amy,19.0,179.0,10.614525139664805
216,Stuart,0.0,0.0,0.0
217,Leonard,44.0,228.0,19.298245614035086
217,Sheldon,47.0,228.0,20.614035087719298
217,Penny,25.0,228.0,10.964912280701753
217,Raj,21.0,228.0,9.210526315789473
217,Howard,15.0,228.0,6.578947368421052
217,Bernadette,23.0,228.0,10.087719298245613
217,Amy,17.0,228.0,7.456140350877193
217,Stuart,36.0,228.0,15.789473684210526
218,Leonard,17.0,217.0,7.834101382488479
218,Sheldon,38.0,217.0,17.51152073732719
218,Penny,26.0,217.0,11.981566820276496
218,Raj,29.0,217.0,13.36405529953917
218,Howard,28.0,217.0,12.903225806451612
218,Bernadette,18.0,217.0,8.294930875576037
218,Amy,45.0,217.0,20.737327188940093
218,Stuart,16.0,217.0,7.373271889400922
219,Leonard,30.0,216.0,13.88888888888889
219,Sheldon,49.0,216.0,22.685185185185187
219,Penny,37.0,216.0,17.12962962962963
219,Raj,8.0,216.0,3.7037037037037033
219,Howard,24.0,216.0,11.11111111111111
219,Bernadette,29.0,216.0,13.425925925925927
219,Amy,35.0,216.0,16.203703703703702
219,Stuart,4.0,216.0,1.8518518518518516
220,Leonard,51.0,196.0,26.02040816326531
220,Sheldon,44.0,196.0,22.448979591836736
220,Penny,39.0,196.0,19.897959183673468
220,Raj,15.0,196.0,7.653061224489796
220,Howard,18.0,196.0,9.183673469387756
220,Bernadette,6.0,196.0,3.061224489795918
220,Amy,23.0,196.0,11.73469387755102
220,Stuart,0.0,0.0,0.0
221,Leonard,40.0,238.0,16.80672268907563
221,Sheldon,56.0,238.0,23.52941176470588
221,Penny,30.0,238.0,12.605042016806722
221,Raj,45.0,238.0,18.907563025210084
221,Howard,35.0,238.0,14.705882352941178
221,Bernadette,10.0,238.0,4.201680672268908
221,Amy,22.0,238.0,9.243697478991598
221,Stuart,0.0,0.0,0.0
222,Leonard,38.0,206.0,18.446601941747574
222,Sheldon,34.0,206.0,16.50485436893204
222,Penny,21.0,206.0,10.194174757281553
222,Raj,21.0,206.0,10.194174757281553
222,Howard,30.0,206.0,14.563106796116504
222,Bernadette,24.0,206.0,11.650485436893204
222,Amy,27.0,206.0,13.106796116504855
222,Stuart,11.0,206.0,5.339805825242718
223,Leonard,21.0,190.0,11.052631578947368
223,Sheldon,48.0,190.0,25.263157894736842
223,Penny,19.0,190.0,10.0
223,Raj,37.0,190.0,19.473684210526315
223,Howard,16.0,190.0,8.421052631578947
223,Bernadette,10.0,190.0,5.263157894736842
223,Amy,39.0,190.0,20.526315789473685
223,Stuart,0.0,0.0,0.0
224,Leonard,41.0,243.0,16.872427983539097
224,Sheldon,42.0,243.0,17.28395061728395
224,Penny,39.0,243.0,16.049382716049383
224,Raj,28.0,243.0,11.522633744855968
224,Howard,32.0,243.0,13.168724279835391
224,Bernadette,25.0,243.0,10.2880658436214
224,Amy,26.0,243.0,10.699588477366255
224,Stuart,10.0,243.0,4.11522633744856
225,Leonard,29.0,221.0,13.122171945701359
225,Sheldon,46.0,221.0,20.81447963800905
225,Penny,29.0,221.0,13.122171945701359
225,Raj,40.0,221.0,18.099547511312217
225,Howard,22.0,221.0,9.95475113122172
225,Bernadette,12.0,221.0,5.429864253393665
225,Amy,29.0,221.0,13.122171945701359
225,Stuart,14.0,221.0,6.334841628959276
226,Leonard,33.0,188.0,17.5531914893617
226,Sheldon,45.0,188.0,23.93617021276596
226,Penny,25.0,188.0,13.297872340425531
226,Raj,28.0,188.0,14.893617021276595
226,Howard,10.0,188.0,5.319148936170213
226,Bernadette,9.0,188.0,4.787234042553192
226,Amy,38.0,188.0,20.212765957446805
226,Stuart,0.0,0.0,0.0
227,Leonard,20.0,226.0,8.849557522123893
227,Sheldon,59.0,226.0,26.10619469026549
227,Penny,19.0,226.0,8.4070796460177
227,Raj,17.0,226.0,7.52212389380531
227,Howard,36.0,226.0,15.929203539823009
227,Bernadette,30.0,226.0,13.274336283185843
227,Amy,22.0,226.0,9.734513274336283
227,Stuart,23.0,226.0,10.176991150442479
228,Leonard,22.0,181.0,12.154696132596685
228,Sheldon,40.0,181.0,22.099447513812155
228,Penny,14.0,181.0,7.734806629834254
228,Raj,18.0,181.0,9.94475138121547
228,Howard,28.0,181.0,15.469613259668508
228,Bernadette,20.0,181.0,11.049723756906078
228,Amy,21.0,181.0,11.602209944751381
228,Stuart,18.0,181.0,9.94475138121547
229,Leonard,40.0,219.0,18.2648401826484
229,Sheldon,44.0,219.0,20.091324200913242
229,Penny,42.0,219.0,19.17808219178082
229,Raj,15.0,219.0,6.8493150684931505
229,Howard,31.0,219.0,14.15525114155251
229,Bernadette,22.0,219.0,10.045662100456621
229,Amy,25.0,219.0,11.415525114155251
229,Stuart,0.0,0.0,0.0
230,Leonard,24.0,222.0,10.81081081081081
230,Sheldon,53.0,222.0,23.873873873873876
230,Penny,25.0,222.0,11.26126126126126
230,Raj,17.0,222.0,7.657657657657657
230,Howard,24.0,222.0,10.81081081081081
230,Bernadette,26.0,222.0,11.711711711711711
230,Amy,53.0,222.0,23.873873873873876
230,Stuart,0.0,0.0,0.0
231,Leonard,23.0,197.0,11.6751269035533
231,Sheldon,55.0,197.0,27.918781725888326
231,Penny,32.0,197.0,16.243654822335024
231,Raj,25.0,197.0,12.690355329949238
231,Howard,14.0,197.0,7.1065989847715745
231,Bernadette,16.0,197.0,8.121827411167512
231,Amy,28.0,197.0,14.213197969543149
231,Stuart,4.0,197.0,2.030456852791878
